{
    "accuracy": 0.9591944546720669,
    "f1_score": 0.24578360785087286,
    "precision": 0.3210512754444731,
    "recall": 0.19910514541387025,
    "mcc": 0.2328356013921319,
    "kappa": 0.22599637030755815,
    "log_loss": 1.4707809321539311,
    "classification_report": {
        "0": {
            "precision": 0.9726896251089799,
            "recall": 0.9854534815035635,
            "f1-score": 0.9790299536832637,
            "support": 181143.0
        },
        "1": {
            "precision": 0.3210512754444731,
            "recall": 0.19910514541387025,
            "f1-score": 0.24578360785087286,
            "support": 6258.0
        },
        "accuracy": 0.9591944546720669,
        "macro avg": {
            "precision": 0.6468704502767265,
            "recall": 0.5922793134587169,
            "f1-score": 0.6124067807670683,
            "support": 187401.0
        },
        "weighted avg": {
            "precision": 0.9509290539690155,
            "recall": 0.9591944546720669,
            "f1-score": 0.9545441951642639,
            "support": 187401.0
        }
    },
    "normalized_confusion_matrix": [
        [
            0.9854534815035635,
            0.014546518496436516
        ],
        [
            0.8008948545861297,
            0.19910514541387025
        ]
    ],
    "raw_confusion_matrix": [
        [
            178508,
            2635
        ],
        [
            5012,
            1246
        ]
    ],
    "roc_auc": 0.5922793134587168,
    "precision_recall_curve": {
        "precision": [
            0.03339363183761026,
            0.3210512754444731,
            1.0
        ],
        "recall": [
            1.0,
            0.19910514541387025,
            0.0
        ],
        "thresholds": [
            0,
            1
        ]
    }
}