{
    "accuracy": 0.9650322036702045,
    "f1_score": 0.0706282796766416,
    "precision": 0.31399747793190413,
    "recall": 0.03978906999041227,
    "mcc": 0.10181421813069899,
    "kappa": 0.06359464166812878,
    "log_loss": 1.2603671306923907,
    "classification_report": {
        "0": {
            "precision": 0.9677988081968619,
            "recall": 0.9969968477942841,
            "f1-score": 0.9821808778222221,
            "support": 181143.0
        },
        "1": {
            "precision": 0.31399747793190413,
            "recall": 0.03978906999041227,
            "f1-score": 0.0706282796766416,
            "support": 6258.0
        },
        "accuracy": 0.9650322036702045,
        "macro avg": {
            "precision": 0.640898143064383,
            "recall": 0.5183929588923482,
            "f1-score": 0.5264045787494318,
            "support": 187401.0
        },
        "weighted avg": {
            "precision": 0.9459660072790541,
            "recall": 0.9650322036702045,
            "f1-score": 0.9517408259591315,
            "support": 187401.0
        }
    },
    "normalized_confusion_matrix": [
        [
            0.9969968477942841,
            0.003003152205715926
        ],
        [
            0.9602109300095877,
            0.03978906999041227
        ]
    ],
    "raw_confusion_matrix": [
        [
            180599,
            544
        ],
        [
            6009,
            249
        ]
    ],
    "roc_auc": 0.5183929588923482,
    "precision_recall_curve": {
        "precision": [
            0.03339363183761026,
            0.31399747793190413,
            1.0
        ],
        "recall": [
            1.0,
            0.03978906999041227,
            0.0
        ],
        "thresholds": [
            0,
            1
        ]
    }
}