{
    "accuracy": 0.9529778389656405,
    "f1_score": 0.221004243281471,
    "precision": 0.2473288484368817,
    "recall": 0.19974432726110578,
    "mcc": 0.19824120789080782,
    "kappa": 0.19704456776394097,
    "log_loss": 1.6948504739297034,
    "classification_report": {
        "0": {
            "precision": 0.9725358793947803,
            "recall": 0.9790000165615012,
            "f1-score": 0.9757572422900217,
            "support": 181143.0
        },
        "1": {
            "precision": 0.2473288484368817,
            "recall": 0.19974432726110578,
            "f1-score": 0.221004243281471,
            "support": 6258.0
        },
        "accuracy": 0.9529778389656405,
        "macro avg": {
            "precision": 0.6099323639158309,
            "recall": 0.5893721719113034,
            "f1-score": 0.5983807427857464,
            "support": 187401.0
        },
        "weighted avg": {
            "precision": 0.9483185827969258,
            "recall": 0.9529778389656405,
            "f1-score": 0.9505532985127978,
            "support": 187401.0
        }
    },
    "normalized_confusion_matrix": [
        [
            0.9790000165615012,
            0.020999983438498866
        ],
        [
            0.8002556727388942,
            0.19974432726110578
        ]
    ],
    "raw_confusion_matrix": [
        [
            177339,
            3804
        ],
        [
            5008,
            1250
        ]
    ],
    "roc_auc": 0.5893721719113034,
    "precision_recall_curve": {
        "precision": [
            0.03339363183761026,
            0.2473288484368817,
            1.0
        ],
        "recall": [
            1.0,
            0.19974432726110578,
            0.0
        ],
        "thresholds": [
            0,
            1
        ]
    }
}