{
    "accuracy": 0.7928612974317106,
    "f1_score": 0.8578503924657301,
    "precision": 0.954163675645081,
    "recall": 0.7928612974317106,
    "mcc": 0.1828640902569622,
    "kappa": 0.11531313344758709,
    "log_loss": 0.42222883622637153,
    "classification_report": {
        "0": {
            "precision": 0.983805723065627,
            "recall": 0.7988550482215708,
            "f1-score": 0.8817360891077043,
            "support": 181143.0
        },
        "1": {
            "precision": 0.09615002976781108,
            "recall": 0.6193672099712368,
            "f1-score": 0.16645909383723428,
            "support": 6258.0
        },
        "accuracy": 0.7928612974317106,
        "macro avg": {
            "precision": 0.539977876416719,
            "recall": 0.7091111290964038,
            "f1-score": 0.5240975914724693,
            "support": 187401.0
        },
        "weighted avg": {
            "precision": 0.954163675645081,
            "recall": 0.7928612974317106,
            "f1-score": 0.8578503924657301,
            "support": 187401.0
        }
    },
    "normalized_confusion_matrix": [
        [
            0.7988550482215708,
            0.2011449517784292
        ],
        [
            0.38063279002876316,
            0.6193672099712368
        ]
    ],
    "raw_confusion_matrix": [
        [
            144707,
            36436
        ],
        [
            2382,
            3876
        ]
    ],
    "roc_auc": 0.7091111290964038,
}