{
    "accuracy": 0.7972316049540824,
    "f1_score": 0.8608321258188959,
    "precision": 0.9569438367122264,
    "recall": 0.7972316049540824,
    "mcc": 0.2102038172832552,
    "kappa": 0.13266893780849698,
    "log_loss": 0.38265290981129785,
    "classification_report": {
        "0": {
            "precision": 0.9863549877684153,
            "recall": 0.8013116708898494,
            "f1-score": 0.8842563120044593,
            "support": 181143.0
        },
        "1": {
            "precision": 0.10561367759250516,
            "recall": 0.6791307126877597,
            "f1-score": 0.18279963009957204,
            "support": 6258.0
        },
        "accuracy": 0.7972316049540824,
        "macro avg": {
            "precision": 0.5459843326804602,
            "recall": 0.7402211917888046,
            "f1-score": 0.5335279710520157,
            "support": 187401.0
        },
        "weighted avg": {
            "precision": 0.9569438367122264,
            "recall": 0.7972316049540824,
            "f1-score": 0.8608321258188959,
            "support": 187401.0
        }
    },
    "raw_confusion_matrix": [
        [
            0.8013116708898494,
            0.19868832911015055
        ],
        [
            0.32086928731224035,
            0.6791307126877597
        ]
    ],
    "normalized_confusion_matrix": [
        [
            145152,
            35991
        ],
        [
            2008,
            4250
        ]
    ],
    "roc_auc": 0.7402211917888046
}