{
    "accuracy": 0.8389656405248638,
    "f1_score": 0.8867575116226981,
    "precision": 0.9552814337491549,
    "recall": 0.8389656405248638,
    "mcc": 0.21706511101869683,
    "kappa": 0.153326101517827,
    "log_loss": 0.37748669897624776,
    "classification_report": {
        "0": {
            "precision": 0.9841321762777959,
            "recall": 0.8470600575236139,
            "f1-score": 0.9104659166429317,
            "support": 181143.0
        },
        "1": {
            "precision": 0.12017276422764228,
            "recall": 0.6046660274848195,
            "f1-score": 0.20049806602024056,
            "support": 6258.0
        },
        "accuracy": 0.8389656405248638,
        "macro avg": {
            "precision": 0.5521524702527191,
            "recall": 0.7258630425042167,
            "f1-score": 0.5554819913315862,
            "support": 187401.0
        },
        "weighted avg": {
            "precision": 0.9552814337491549,
            "recall": 0.8389656405248638,
            "f1-score": 0.8867575116226981,
            "support": 187401.0
        }
    },
    "raw_confusion_matrix": [
        [
            0.8470600575236139,
            0.15293994247638606
        ],
        [
            0.39533397251518054,
            0.6046660274848195
        ]
    ],
    "normalized_confusion_matrix": [
        [
            153439,
            27704
        ],
        [
            2474,
            3784
        ]
    ],
    "roc_auc": 0.7258630425042166
}