{
    "accuracy": 0.8751714238451236,
    "f1_score": 0.9083524078290475,
    "precision": 0.953658647874396,
    "recall": 0.8751714238451236,
    "mcc": 0.22256459565567221,
    "kappa": 0.1755540992061938,
    "log_loss": 0.3115573457563237,
    "classification_report": {
        "0": {
            "precision": 0.9818206252825256,
            "recall": 0.8872879437792242,
            "f1-score": 0.9321637257318506,
            "support": 181143.0
        },
        "1": {
            "precision": 0.13848685598548463,
            "recall": 0.5244487056567594,
            "f1-score": 0.21911406349100376,
            "support": 6258.0
        },
        "accuracy": 0.8751714238451236,
        "macro avg": {
            "precision": 0.5601537406340051,
            "recall": 0.7058683247179918,
            "f1-score": 0.5756388946114271,
            "support": 187401.0
        },
        "weighted avg": {
            "precision": 0.953658647874396,
            "recall": 0.8751714238451236,
            "f1-score": 0.9083524078290475,
            "support": 187401.0
        }
    },
    "raw_confusion_matrix": [
        [
            0.8872879437792242,
            0.11271205622077585
        ],
        [
            0.47555129434324067,
            0.5244487056567594
        ]
    ],
    "normalized_confusion_matrix": [
        [
            160726,
            20417
        ],
        [
            2976,
            3282
        ]
    ],
    "roc_auc": 0.7058683247179917
}