{
    "accuracy": 0.989443684350863,
    "f1_score": 0.0,
    "precision": 0.0,
    "recall": 0.0,
    "mcc": 0.0,
    "kappa": 0.0,
    "log_loss": 0.6495331392093836,
    "classification_report": {
        "0": {
            "precision": 0.989443684350863,
            "recall": 1.0,
            "f1-score": 0.9946938354012361,
            "support": 226358.0
        },
        "1": {
            "precision": 0.0,
            "recall": 0.0,
            "f1-score": 0.0,
            "support": 2415.0
        },
        "accuracy": 0.989443684350863,
        "macro avg": {
            "precision": 0.4947218421754315,
            "recall": 0.5,
            "f1-score": 0.49734691770061806,
            "support": 228773.0
        },
        "weighted avg": {
            "precision": 0.9789988045018104,
            "recall": 0.989443684350863,
            "f1-score": 0.98419353330049,
            "support": 228773.0
        }
    },
    "normalized_confusion_matrix": [
        [
            1.0,
            0.0
        ],
        [
            1.0,
            0.0
        ]
    ],
    "raw_confusion_matrix": [
        [
            226358,
            0
        ],
        [
            2415,
            0
        ]
    ],
    "roc_auc": 0.5,
    "precision_recall_curve": {
        "precision": [
            0.010556315649136918,
            1.0
        ],
        "recall": [
            1.0,
            0.0
        ],
        "thresholds": [
            0.47720715403556824
        ]
    }
}